{"cameraMode":{"drawMode":0,"name":"Shaded","section":"Shading Mode"},"sceneLighting":true,"audioPlay":false,"sceneViewState":{"m_AlwaysRefresh":false,"showFog":true,"showSkybox":true,"showFlares":true,"showImageEffects":true,"showParticleSystems":true,"showVisualEffectGraphs":true,"m_FxEnabled":true},"in2DMode":false,"pivot":{"x":-0.16475868225097657,"y":0.13039207458496095,"z":-0.21219825744628907},"rotation":{"x":-0.18936783075332642,"y":0.5334748029708862,"z":-0.12395884096622467,"w":-0.8149720430374146},"size":12.12435531616211,"orthographic":false}