{"cameraMode":{"drawMode":0,"name":"Shaded","section":"Shading Mode"},"sceneLighting":false,"audioPlay":false,"sceneViewState":{"m_AlwaysRefresh":false,"showFog":true,"showSkybox":false,"showFlares":true,"showImageEffects":true,"showParticleSystems":true,"showVisualEffectGraphs":true,"m_FxEnabled":true},"in2DMode":false,"pivot":{"x":-0.17303776741027833,"y":-0.013939619064331055,"z":0.21821510791778565},"rotation":{"x":-0.13184970617294312,"y":0.03329736366868019,"z":-0.004431421868503094,"w":-0.9907011389732361},"size":0.4330126941204071,"orthographic":false}